,Date,Open,High,Low,Close,Adj Close,Volume,Tweet_volume,Avg_score,Avg_score_norm,Tweet_volume_norm
0,2021-02-05,36931.546875,38225.90625,36658.76171875,38144.30859375,38144.30859375,58598066402,1694.0,2.4507036565948553e-05,0.04330838181586962,0.022461727224561502
1,2021-02-06,38138.38671875,40846.546875,38138.38671875,39266.01171875,39266.01171875,71326033653,3278.0,2.0726151737853962e-05,0.03258320952679902,0.04454700092021974
2,2021-02-07,39250.19140625,39621.8359375,37446.15234375,38903.44140625,38903.44140625,65500641143,3030.0,9.23977564709029e-06,0.0,0.04108920554362678
3,2021-02-08,38886.828125,46203.9296875,38076.32421875,46196.46484375,46196.46484375,101467222687,5647.0,5.505150027211136e-05,0.12995334737832342,0.0775773124006581
4,2021-02-09,46184.9921875,48003.72265625,45166.9609375,46481.10546875,46481.10546875,91809846886,4350.0,5.746012890710989e-05,0.1367858636450955,0.05949360029000864
5,2021-02-10,46469.76171875,47145.56640625,43881.15234375,44918.18359375,44918.18359375,87301089896,3526.0,2.6504000067013885e-05,0.04897313453321302,0.048004796296812695
6,2021-02-11,44898.7109375,48463.46875,44187.76171875,47909.33203125,47909.33203125,81388911810,,,,
7,2021-02-12,47877.03515625,48745.734375,46424.9765625,47504.8515625,47504.8515625,76555041196,,,,
8,2021-02-13,47491.203125,48047.74609375,46392.28125,47105.515625,47105.515625,70250456155,2285.0,4.612983689755509e-05,0.10464541520165649,0.0307018766905552
9,2021-02-14,47114.5078125,49487.640625,47114.5078125,48717.2890625,48717.2890625,71248675228,4009.0,2.3924280579581036e-05,0.04165528772798947,0.05473913164719333
10,2021-02-15,48696.53515625,48875.5703125,46347.4765625,47945.05859375,47945.05859375,77069903166,4651.0,1.5777942598942504e-05,0.01854670803306685,0.06369036000111541
11,2021-02-16,47944.45703125,50341.1015625,47201.3046875,49199.87109375,49199.87109375,77049582886,,,,
12,2021-02-17,49207.27734375,52533.9140625,49072.37890625,52149.0078125,52149.0078125,80820545404,,,,
13,2021-02-18,52140.97265625,52474.10546875,51015.765625,51679.796875,51679.796875,52054723579,2254.0,4.669166706438837e-05,0.10623914936983554,0.03026965226848108
14,2021-02-19,51675.98046875,56113.65234375,50937.27734375,55888.1328125,55888.1328125,63495496918,4521.0,2.7803036854628024e-05,0.0526580903016287,0.06187780597306266
15,2021-02-20,55887.3359375,57505.2265625,54626.55859375,56099.51953125,56099.51953125,68145460026,,,,
16,2021-02-21,56068.56640625,58330.5703125,55672.609375,57539.9453125,57539.9453125,51897585191,,,,
17,2021-02-22,57532.73828125,57533.390625,48967.56640625,54207.3203125,54207.3203125,92052420332,3564.0,4.421487985665916e-05,0.0992132888281779,0.04853461978193581
18,2021-02-23,54204.9296875,54204.9296875,45290.58984375,48824.42578125,48824.42578125,106102492824,,,,
19,2021-02-24,48835.0859375,51290.13671875,47213.5,49705.33203125,49705.33203125,63695521388,,,,
20,2021-02-25,49709.08203125,51948.96875,47093.8515625,47093.8515625,47093.8515625,54506565949,,,,
21,2021-02-26,47180.46484375,48370.78515625,44454.84375,46339.76171875,46339.76171875,350967941479,,,,
22,2021-02-27,46344.7734375,48253.26953125,45269.02734375,46188.453125,46188.453125,45910946382,,,,
23,2021-02-28,46194.015625,46716.4296875,43241.6171875,45137.76953125,45137.76953125,53443887451,1634.0,2.984844117043068e-05,0.05846025426197538,0.02162516382699869
24,2021-03-01,45159.50390625,49784.015625,45115.09375,49631.2421875,49631.2421875,53891300112,,,,
25,2021-03-02,49612.10546875,50127.51171875,47228.84375,48378.98828125,48378.98828125,47530897720,,,,
26,2021-03-03,48415.81640625,52535.13671875,48274.3203125,50538.2421875,50538.2421875,53220811975,,,,
27,2021-03-04,50522.3046875,51735.08984375,47656.9296875,48561.16796875,48561.16796875,52343816680,,,,
28,2021-03-05,48527.03125,49396.4296875,46542.515625,48927.3046875,48927.3046875,48625928883,,,,
29,2021-03-06,48899.23046875,49147.21875,47257.52734375,48912.3828125,48912.3828125,34363564661,,,,
30,2021-03-07,48918.6796875,51384.3671875,48918.6796875,51206.69140625,51206.69140625,43137459378,,,,
31,2021-03-08,51174.1171875,52314.0703125,49506.0546875,52246.5234375,52246.5234375,48597428048,,,,
32,2021-03-09,52272.96875,54824.1171875,51981.83203125,54824.1171875,54824.1171875,50912227385,,,,
33,2021-03-10,54824.01171875,57258.25390625,53290.890625,56008.55078125,56008.55078125,57295577614,,,,
34,2021-03-11,55963.1796875,58091.0625,54484.59375,57805.12109375,57805.12109375,56772343595,217.0,1.500991806537775e-05,0.01636806577887624,0.0018683249212236134
35,2021-03-12,57821.21875,57996.62109375,55376.6484375,57332.08984375,57332.08984375,55689944702,3923.0,2.034956906557946e-05,0.03151496380526561,0.05354005744401997
36,2021-03-13,57343.37109375,61683.86328125,56217.97265625,61243.0859375,61243.0859375,60669829814,,,,
37,2021-03-14,61221.1328125,61597.91796875,59302.31640625,59302.31640625,59302.31640625,43901225564,,,,
38,2021-03-15,59267.4296875,60540.9921875,55393.1640625,55907.19921875,55907.19921875,66419369890,,,,
39,2021-03-16,55840.78515625,56833.1796875,53555.02734375,56804.90234375,56804.90234375,59749798599,,,,
40,2021-03-17,56825.828125,58969.81640625,54528.62890625,58870.89453125,58870.89453125,60258313191,,,,
41,2021-03-18,58893.078125,60116.25,54253.578125,57858.921875,57858.921875,55746041000,,,,
42,2021-03-19,57850.44140625,59498.375,56643.703125,58346.65234375,58346.65234375,49063873786,,,,
43,2021-03-20,58332.26171875,60031.28515625,58213.296875,58313.64453125,58313.64453125,50361731222,,,,
44,2021-03-21,58309.9140625,58767.8984375,56005.6171875,57523.421875,57523.421875,51943414539,,,,
45,2021-03-22,57517.890625,58471.48046875,54288.15625,54529.14453125,54529.14453125,56521454974,,,,
46,2021-03-23,54511.66015625,55985.44140625,53470.6953125,54738.9453125,54738.9453125,56435023914,,,,
47,2021-03-24,54710.48828125,57262.3828125,52514.33203125,52774.265625,52774.265625,70567223787,,,,
48,2021-03-25,52726.74609375,53392.38671875,50856.5703125,51704.16015625,51704.16015625,67999812841,,,,
49,2021-03-26,51683.01171875,55137.3125,51579.85546875,55137.3125,55137.3125,56652197978,,,,
50,2021-03-27,55137.56640625,56568.21484375,54242.91015625,55973.51171875,55973.51171875,47266542233,,,,
51,2021-03-28,55974.94140625,56610.3125,55071.11328125,55950.74609375,55950.74609375,47686580918,,,,
52,2021-03-29,55947.8984375,58342.09765625,55139.33984375,57750.19921875,57750.19921875,57625587027,,,,
53,2021-03-30,57750.1328125,59447.22265625,57251.55078125,58917.69140625,58917.69140625,54414116432,,,,
54,2021-03-31,58930.27734375,59930.02734375,57726.41796875,58918.83203125,58918.83203125,65520826225,,,,
55,2021-04-01,58926.5625,59586.0703125,58505.27734375,59095.80859375,59095.80859375,61669163792,,,,
56,2021-04-02,59098.87890625,60267.1875,58869.28125,59384.3125,59384.3125,58727860620,,,,
57,2021-04-03,59397.41015625,60110.26953125,57603.890625,57603.890625,57603.890625,59641344484,,,,
58,2021-04-04,57604.83984375,58913.74609375,57168.67578125,58758.5546875,58758.5546875,50749662970,,,,
59,2021-04-05,58760.875,59891.296875,57694.82421875,59057.87890625,59057.87890625,60706272115,2197.0,2.2276470169998202e-05,0.03698097170249807,0.029474917040796408
60,2021-04-06,59171.93359375,59479.578125,57646.80859375,58192.359375,58192.359375,66058027988,3730.0,2.2062554102966862e-05,0.03637415959934608,0.05084911184852625
61,2021-04-07,58186.5078125,58731.14453125,55604.0234375,56048.9375,56048.9375,75645303584,4039.0,2.2153157281090427e-05,0.03663117210818844,0.05515741334597474
62,2021-04-08,56099.9140625,58338.73828125,55879.0859375,58323.953125,58323.953125,53053855641,3740.0,3.6965408677086634e-05,0.07864883607684908,0.05098853908145339
63,2021-04-09,58326.5625,58937.046875,57807.86328125,58245.00390625,58245.00390625,46655208546,3475.0,3.0397026556605338e-05,0.060016417184016756,0.0472937174088843
64,2021-04-10,58253.77734375,61276.6640625,58038.70703125,59793.234375,59793.234375,58238470525,4011.0,2.7767888767508882e-05,0.05255838631509546,0.05476701709377876
65,2021-04-11,59846.23046875,60790.5546875,59289.796875,60204.96484375,60204.96484375,46280252580,2039.0,2.3818873165675222e-05,0.04135628029293493,0.02727196676054767
66,2021-04-12,60175.9453125,61253.03515625,59589.875,59893.453125,59893.453125,51828688519,1926.0,4.5292505993380326e-05,0.10227017273367486,0.02569643902847104
67,2021-04-13,59890.01953125,63742.28515625,59869.95703125,63503.45703125,63503.45703125,69983454362,,,,
68,2021-04-14,63523.75390625,64863.09765625,61554.796875,63109.6953125,63109.6953125,77451779687,,,,
69,2021-04-15,63075.1953125,63821.671875,62208.96484375,63314.01171875,63314.01171875,60954381579,,,,
70,2021-04-16,63258.50390625,63594.72265625,60222.53125,61572.7890625,61572.7890625,84293007468,,,,
71,2021-04-17,61529.921875,62572.17578125,60361.3515625,60683.8203125,60683.8203125,66138759198,333.0,3.4933708339476916e-05,0.07288554596054883,0.003485680823178383
72,2021-04-18,60701.88671875,61057.45703125,52829.53515625,56216.18359375,56216.18359375,97468872758,4708.0,2.1542249172268445e-05,0.03489821936886683,0.0644850952288001
73,2021-04-19,56191.5859375,57520.0546875,54368.59375,55724.265625,55724.265625,65344865159,4119.0,1.3357378224418449e-05,0.011680333855083715,0.05627283120939182
74,2021-04-20,55681.79296875,57062.1484375,53448.046875,56473.03125,56473.03125,67849323955,4388.0,6.289967510495333e-05,0.1522161326955365,0.06002342377513176
75,2021-04-21,56471.12890625,56757.97265625,53695.46875,53906.08984375,53906.08984375,54926612466,4436.0,3.7242870886852766e-05,0.07943590845243047,0.06069267449318201
76,2021-04-22,53857.10546875,55410.23046875,50583.8125,51762.2734375,51762.2734375,74798630778,5102.0,3.20847086735754e-05,0.06480383661006929,0.06997852820612922
77,2021-04-23,51739.80859375,52120.79296875,47714.6640625,51093.65234375,51093.65234375,86668667320,5865.0,2.8114049523167382e-05,0.05354033469833233,0.08061682607846965
78,2021-04-24,51143.2265625,51167.5625,48805.28515625,50050.8671875,50050.8671875,49014494781,3952.0,1.8126317185351472e-05,0.025208302655404007,0.053944396419508656
79,2021-04-25,50052.83203125,50506.01953125,47159.484375,49004.25390625,49004.25390625,46117114240,,,,
80,2021-04-26,49077.79296875,54288.00390625,48852.796875,54021.75390625,54021.75390625,58284039825,,,,
81,2021-04-27,54030.3046875,55416.96484375,53319.1875,55033.1171875,55033.1171875,49448222757,,,,
82,2021-04-28,55036.63671875,56227.20703125,53887.91796875,54824.703125,54824.703125,48000572955,,,,
83,2021-04-29,54858.08984375,55115.84375,52418.02734375,53555.109375,53555.109375,46088929780,,,,
84,2021-04-30,53568.6640625,57900.71875,53129.6015625,57750.17578125,57750.17578125,52395931985,,,,
85,2021-05-01,57714.6640625,58448.33984375,57052.2734375,57828.05078125,57828.05078125,42836427360,,,,
86,2021-05-02,57825.86328125,57902.59375,56141.90625,56631.078125,56631.078125,38177405335,,,,
87,2021-05-03,56620.2734375,58973.30859375,56590.87109375,57200.29296875,57200.29296875,51713139031,,,,
88,2021-05-04,57214.1796875,57214.1796875,53191.42578125,53333.5390625,53333.5390625,68564706967,,,,
89,2021-05-05,53252.1640625,57911.36328125,52969.0546875,57424.0078125,57424.0078125,69241316747,,,,
90,2021-05-06,57441.30859375,58363.31640625,55382.5078125,56396.515625,56396.515625,69523285106,,,,
91,2021-05-07,56413.953125,58606.6328125,55321.84765625,57356.40234375,57356.40234375,68434023376,,,,
92,2021-05-08,57352.765625,59464.61328125,56975.2109375,58803.77734375,58803.77734375,65382980634,,,,
93,2021-05-09,58877.390625,59210.8828125,56482.00390625,58232.31640625,58232.31640625,65906690347,,,,
94,2021-05-10,58250.87109375,59519.35546875,54071.45703125,55859.796875,55859.796875,71776546298,,,,
95,2021-05-11,55847.2421875,56872.54296875,54608.65234375,56704.57421875,56704.57421875,61308396325,,,,
96,2021-05-12,56714.53125,57939.36328125,49150.53515625,49150.53515625,49150.53515625,75215403907,,,,
97,2021-05-13,49735.43359375,51330.84375,46980.01953125,49716.19140625,49716.19140625,96721152926,,,,
98,2021-05-14,49682.98046875,51438.1171875,48868.578125,49880.53515625,49880.53515625,55737497453,,,,
99,2021-05-15,49855.49609375,50639.6640625,46664.140625,46760.1875,46760.1875,59161047474,,,,
100,2021-05-16,46716.63671875,49720.04296875,43963.3515625,46456.05859375,46456.05859375,64047871555,,,,
101,2021-05-17,46415.8984375,46623.55859375,42207.2890625,43537.51171875,43537.51171875,74903638450,,,,
102,2021-05-18,43488.05859375,45812.45703125,42367.83203125,42909.40234375,42909.40234375,56187365084,,,,
103,2021-05-19,42944.9765625,43546.1171875,30681.49609375,37002.44140625,37002.44140625,126358098747,,,,
104,2021-05-20,36753.66796875,42462.984375,35050.6171875,40782.73828125,40782.73828125,88281943359,,,,
105,2021-05-21,40596.94921875,42172.171875,33616.453125,37304.69140625,37304.69140625,82051616861,,,,
106,2021-05-22,37371.03125,38831.0546875,35383.68359375,37536.6328125,37536.6328125,57377273240,,,,
107,2021-05-23,37531.44921875,38289.21875,31227.33984375,34770.58203125,34770.58203125,78469274361,,,,
108,2021-05-24,34700.36328125,39835.140625,34551.08203125,38705.98046875,38705.98046875,67359584098,,,,
109,2021-05-25,38795.78125,39776.3515625,36581.4296875,38402.22265625,38402.22265625,56211915803,2803.0,3.2829395860834374e-05,0.06691627820719694,0.03792420735618081
110,2021-05-26,38392.625,40782.078125,37905.8359375,39294.19921875,39294.19921875,51346735160,4898.0,3.1727168155314254e-05,0.06378960744599106,0.06713421265441566
111,2021-05-27,39316.890625,40379.6171875,37247.90234375,38436.96875,38436.96875,43210968721,4383.0,2.6115696242281103e-05,0.04787163961598675,0.05995371015866819
112,2021-05-28,38507.08203125,38856.96875,34779.0390625,35697.60546875,35697.60546875,55200191952,5189.0,2.0840296990539434e-05,0.03290700344189909,0.0711915451325953
113,2021-05-29,35684.15625,37234.5,33693.9296875,34616.06640625,34616.06640625,45231013335,4509.0,1.4123531000165501e-05,0.013853666525409432,0.0617104932935501
114,2021-05-30,34607.40625,36400.66796875,33520.73828125,35678.12890625,35678.12890625,31646080921,,,,
115,2021-05-31,35658.59375,37468.25,34241.9453125,37332.85546875,37332.85546875,39009847639,,,,
116,2021-06-01,37293.79296875,37896.734375,35787.0859375,36684.92578125,36684.92578125,34639423297,,,,
117,2021-06-02,36699.921875,38231.33984375,35966.30859375,37575.1796875,37575.1796875,33070867190,,,,
118,2021-06-03,37599.41015625,39478.953125,37243.97265625,39208.765625,39208.765625,35460750427,,,,
119,2021-06-04,39242.484375,39242.484375,35717.72265625,36894.40625,36894.40625,41831090187,,,,
120,2021-06-05,36880.15625,37917.71484375,34900.4140625,35551.95703125,35551.95703125,35959473399,,,,
121,2021-06-06,35538.609375,36436.421875,35304.578125,35862.37890625,35862.37890625,28913440585,,,,
122,2021-06-07,35835.265625,36790.5703125,33480.640625,33560.70703125,33560.70703125,33683936663,,,,
123,2021-06-08,33589.51953125,34017.38671875,31114.443359375,33472.6328125,33472.6328125,49902050442,,,,
124,2021-06-09,33416.9765625,37537.37109375,32475.865234375,37345.12109375,37345.12109375,53972919008,,,,
125,2021-06-10,37389.515625,38334.32421875,35847.59375,36702.59765625,36702.59765625,43576032854,,,,
126,2021-06-11,36697.03125,37608.6953125,36044.44921875,37334.3984375,37334.3984375,38699736985,,,,
127,2021-06-12,37340.14453125,37408.92578125,34728.19140625,35552.515625,35552.515625,37924228550,,,,
128,2021-06-13,35555.7890625,39322.78125,34864.109375,39097.859375,39097.859375,40669112838,,,,
129,2021-06-14,39016.96875,40978.36328125,38757.28515625,40218.4765625,40218.4765625,43148914673,,,,
130,2021-06-15,40427.16796875,41295.26953125,39609.46875,40406.26953125,40406.26953125,46420149185,,,,
131,2021-06-16,40168.69140625,40516.77734375,38176.03515625,38347.0625,38347.0625,39211635100,,,,
132,2021-06-17,38341.421875,39513.671875,37439.67578125,38053.50390625,38053.50390625,37096670047,,,,
133,2021-06-18,38099.4765625,38187.26171875,35255.85546875,35787.24609375,35787.24609375,36200887275,,,,
134,2021-06-19,35854.52734375,36457.796875,34933.0625,35615.87109375,35615.87109375,31207279719,,,,
135,2021-06-20,35563.140625,36059.484375,33432.07421875,35698.296875,35698.296875,36664034054,8868.0,6.29111385667098e-05,0.1522486509043573,0.12248682412648838
136,2021-06-21,35641.14453125,35721.640625,31295.935546875,31676.693359375,31676.693359375,52809038594,41729.0,5.033535574273194e-05,0.11657513965247661,0.5806586542483478
137,2021-06-22,31622.376953125,33292.453125,28893.62109375,32505.66015625,32505.66015625,58964353058,45840.0,4.197432353798257e-05,0.09285754046932548,0.6379771897046931
138,2021-06-23,32515.71484375,34753.41015625,31772.6328125,33723.02734375,33723.02734375,46317108925,29358.0,6.244890363513578e-05,0.1509374368619934,0.4081732243941887
139,2021-06-24,33682.80078125,35228.8515625,32385.21484375,34662.4375,34662.4375,33123368116,,,,
140,2021-06-25,34659.10546875,35487.24609375,31350.884765625,31637.779296875,31637.779296875,40230904226,,,,
141,2021-06-26,31594.6640625,32637.587890625,30184.501953125,32186.27734375,32186.27734375,38585385521,,,,
142,2021-06-27,32287.5234375,34656.12890625,32071.7578125,34649.64453125,34649.64453125,35511640894,,,,
143,2021-06-28,34679.12109375,35219.890625,33902.07421875,34434.3359375,34434.3359375,33892523752,,,,
144,2021-06-29,34475.55859375,36542.109375,34252.484375,35867.77734375,35867.77734375,37901460044,,,,
145,2021-06-30,35908.38671875,36074.7578125,34086.15234375,35040.8359375,35040.8359375,34059036099,,,,
146,2021-07-01,35035.984375,35035.984375,32883.78125,33572.1171875,33572.1171875,37838957079,,,,
147,2021-07-02,33549.6015625,33939.58984375,32770.6796875,33897.046875,33897.046875,38728974942,17789.0,6.702242211156797e-05,0.16391105966650052,0.2468698586207858
148,2021-07-03,33854.421875,34909.26171875,33402.6953125,34668.546875,34668.546875,24383958643,25430.0,5.760071868018051e-05,0.13718467228561781,0.3534062073004099
149,2021-07-04,34665.56640625,35937.56640625,34396.4765625,35287.78125,35287.78125,24924307911,23087.0,0.00010595020636229735,0.2743368493701366,0.3207384066255821
150,2021-07-05,35284.34375,35284.34375,33213.66015625,33746.00390625,33746.00390625,26721554282,25981.0,7.349035767105539e-05,0.1822585434921499,0.3610886478346951
151,2021-07-06,33723.5078125,35038.53515625,33599.91796875,34235.1953125,34235.1953125,26501259870,,,,
152,2021-07-07,34225.6796875,34997.6640625,33839.2890625,33855.328125,33855.328125,24796027477,,,,
153,2021-07-08,33889.60546875,33907.90625,32133.18359375,32877.37109375,32877.37109375,29910396946,,,,
154,2021-07-09,32861.671875,34042.29296875,32318.880859375,33798.01171875,33798.01171875,27436021028,,,,
155,2021-07-10,33811.2421875,34209.0703125,33116.01171875,33520.51953125,33520.51953125,22971873468,,,,
156,2021-07-11,33509.078125,34584.703125,33346.73828125,34240.1875,34240.1875,20108729370,,,,
157,2021-07-12,34254.015625,34592.15625,32697.30859375,33155.84765625,33155.84765625,24321499537,,,,
158,2021-07-13,33125.46875,33327.1015625,32261.419921875,32702.025390625,32702.025390625,19120856669,,,,
159,2021-07-14,32723.845703125,33061.3984375,31639.125,32822.34765625,32822.34765625,21376531210,,,,
160,2021-07-15,32827.875,33159.640625,31175.708984375,31780.73046875,31780.73046875,21300524237,,,,
161,2021-07-16,31841.55078125,32218.40625,31100.673828125,31421.5390625,31421.5390625,23699476918,1110.0,0.0003617641665090882,1.0,0.014319176821616798
162,2021-07-17,31397.30859375,31935.9453125,31223.990234375,31533.068359375,31533.068359375,18895018942,15204.0,7.355137832138603e-05,0.18243163974282758,0.21082791890912134
163,2021-07-18,31533.884765625,32398.99609375,31215.4921875,31796.810546875,31796.810546875,18787986667,26239.0,3.9429305129480884e-05,0.0856381296300398,0.3646858704442152
164,2021-07-19,31800.01171875,31885.859375,30563.734375,30817.83203125,30817.83203125,20434789545,28931.0,4.108307300933981e-05,0.09032934511108812,0.4022196815482
165,2021-07-20,30838.28515625,31006.1875,29360.955078125,29807.34765625,29807.34765625,23148267245,30933.0,9.155985032680305e-05,0.23351596886224663,0.4301330135802125
166,2021-07-21,29796.28515625,32752.326171875,29526.18359375,32110.693359375,32110.693359375,28203024559,38911.0,0.0001181407613047757,0.30891759118113526,0.541368060009481
167,2021-07-22,32138.873046875,32576.400390625,31745.298828125,32313.10546875,32313.10546875,19555230518,30833.0,0.00011363562397992794,0.296137944037198,0.42873874125094114
168,2021-07-23,32305.958984375,33581.55078125,32057.892578125,33581.55078125,33581.55078125,22552046192,43535.0,0.00011186195391699106,0.2911066040536018,0.6058392125149884
169,2021-07-24,33593.73046875,34490.390625,33424.859375,34292.4453125,34292.4453125,21664706865,32131.0,6.914333738838932e-05,0.16992742429771157,0.4468363960848833
170,2021-07-25,34290.29296875,35364.92578125,33881.8359375,35350.1875,35350.1875,20856685287,11609.0,6.244810546751032e-05,0.1509351727133383,0.16070382867181618
171,2021-07-26,35384.03125,40499.67578125,35287.3125,37337.53515625,37337.53515625,51022126212,27491.0,4.997784055682872e-05,0.11556098234827131,0.3821421600066925
172,2021-07-27,37276.03515625,39406.94140625,36441.7265625,39406.94140625,39406.94140625,35097370560,13948.0,7.457485700079511e-05,0.18533492446847863,0.19331585845347313
173,2021-07-28,39503.1875,40816.0703125,38862.4375,39995.90625,39995.90625,38702404695,15491.0,5.98140907228205e-05,0.1434633074666554,0.21482948049413012
174,2021-07-29,39995.453125,40593.0703125,39352.05859375,40008.421875,40008.421875,27167146027,19034.0,5.000696482731608e-05,0.11564359867565831,0.26422854912021415
175,2021-07-30,40027.484375,42235.546875,38397.35546875,42235.546875,42235.546875,33072782960,38392.0,0.00010670480285273284,0.2764774005206267,0.5341317866205627
176,2021-07-31,42196.3046875,42231.44921875,41110.83203125,41626.1953125,41626.1953125,25802845343,,,,
177,2021-08-01,41460.84375,42541.6796875,39540.94140625,39974.89453125,39974.89453125,26688438115,,,,
178,2021-08-02,39907.26171875,40419.1796875,38746.34765625,39201.9453125,39201.9453125,25595265436,,,,
179,2021-08-03,39178.40234375,39750.03125,37782.05078125,38152.98046875,38152.98046875,26189830450,,,,
180,2021-08-04,38213.33203125,39952.296875,37589.1640625,39747.50390625,39747.50390625,25372562724,1773.0,3.8297614380364233e-05,0.08242788154947601,0.02356320236468587
181,2021-08-05,39744.515625,41341.93359375,37458.00390625,40869.5546875,40869.5546875,35185031017,12817.0,7.594914532316355e-05,0.18923334499764544,0.17754663840941412
182,2021-08-06,40865.8671875,43271.66015625,39932.1796875,42816.5,42816.5,38226483046,15995.0,6.294432587165744e-05,0.15234279277314114,0.22185661303365772
183,2021-08-07,42832.796875,44689.859375,42618.56640625,44555.80078125,44555.80078125,40030862141,13186.0,5.6129633608378056e-05,0.13301167004822556,0.1826915033044254
184,2021-08-08,44574.4375,45282.3515625,43331.91015625,43798.1171875,43798.1171875,36302664750,33834.0,5.940991505890017e-05,0.1423167891706248,0.47058085385237447
185,2021-08-09,43791.92578125,46456.83203125,42848.6875,46365.40234375,46365.40234375,38734079049,53501.0,6.649799541224738e-05,0.16242342728441694,0.7447923928501715
186,2021-08-10,46280.84765625,46637.98828125,44705.5546875,45585.03125,45585.03125,33546019517,,,,
187,2021-08-11,45599.703125,46735.6328125,45351.7109375,45593.63671875,45593.63671875,34319709073,,,,
188,2021-08-12,45576.87890625,46228.91015625,43861.4453125,44428.2890625,44428.2890625,33723620826,,,,
189,2021-08-13,44439.69140625,47831.9765625,44282.41796875,47793.3203125,47793.3203125,31744259539,,,,
190,2021-08-14,47810.6875,48098.68359375,46177.6328125,47096.9453125,47096.9453125,31211354442,13677.0,5.357691541675314e-05,0.12577041736388514,0.18953738044114776
191,2021-08-15,47096.66796875,47357.10546875,45579.58984375,47047.00390625,47047.00390625,30988958446,30091.0,6.367804737368826e-05,0.15442412819573903,0.4183932405677477
192,2021-08-16,47019.9609375,47998.09765625,45700.3203125,46004.484375,46004.484375,32776876610,32460.0,0.0001102761322744509,0.28660813051915357,0.45142355204818607
193,2021-08-17,45936.45703125,47139.5703125,44512.41796875,44695.359375,44695.359375,33451362600,35318.0,8.475722852673421e-05,0.21421908621694946,0.4912718552187613
194,2021-08-18,44686.75,45952.0625,44364.02734375,44801.1875,44801.1875,32194123075,38227.0,7.685466937909769e-05,0.19180202983026068,0.531831237277265
195,2021-08-19,44741.8828125,46970.76171875,43998.31640625,46717.578125,46717.578125,37204312299,34272.0,9.81329298492235e-05,0.2521617127960149,0.47668776665458296
196,2021-08-20,46723.12109375,49342.15234375,46650.70703125,49339.17578125,49339.17578125,34706867452,39291.0,9.495035825587336e-05,0.24313376557917674,0.5466662948607122
197,2021-08-21,49327.07421875,49717.01953125,48312.19921875,48905.4921875,48905.4921875,40585205312,10928.0,5.5395892329209805e-05,0.13093027852415515,0.15120883410947827
198,2021-08-22,48869.10546875,49471.609375,48199.94140625,49321.65234375,49321.65234375,25370975378,,,,
199,2021-08-23,49291.67578125,50482.078125,49074.60546875,49546.1484375,49546.1484375,34305053719,10503.0,9.415632565284194e-05,0.24088134667253078,0.145283176710075
200,2021-08-24,49562.34765625,49878.76953125,47687.1171875,47706.1171875,47706.1171875,35361168834,26905.0,8.784048927459424e-05,0.222965320031639,0.3739717241571624
201,2021-08-25,47727.2578125,49202.87890625,47163.61328125,48960.7890625,48960.7890625,32646349931,47043.0,7.106535715796547e-05,0.1753795853946399,0.6547502858258275
202,2021-08-26,49002.640625,49347.58203125,46405.78125,46942.21875,46942.21875,32666549568,39166.0,6.3753241917062e-05,0.15463743129000115,0.544923454449123
203,2021-08-27,46894.5546875,49112.78515625,46394.28125,49058.66796875,49058.66796875,34511076995,,,,
204,2021-08-28,49072.5859375,49283.50390625,48499.23828125,48902.40234375,48902.40234375,28568103401,,,,
205,2021-08-29,48911.25,49644.11328125,47925.85546875,48829.83203125,48829.83203125,25889650240,,,,
206,2021-08-30,48834.8515625,48925.60546875,46950.2734375,47054.984375,47054.984375,31847007016,,,,
207,2021-08-31,47024.33984375,48189.55078125,46750.09375,47166.6875,47166.6875,34730363427,,,,
208,2021-09-01,47099.7734375,49111.08984375,46562.4375,48847.02734375,48847.02734375,39139399125,,,,
209,2021-09-02,48807.84765625,50343.421875,48652.3203125,49327.72265625,49327.72265625,39508070319,,,,
210,2021-09-03,49288.25,50982.2734375,48386.0859375,50025.375,50025.375,43206179619,,,,
211,2021-09-04,50009.32421875,50545.58203125,49548.78125,49944.625,49944.625,37471327794,,,,
212,2021-09-05,49937.859375,51868.6796875,49538.59765625,51753.41015625,51753.41015625,30322676319,,,,
213,2021-09-06,51769.00390625,52700.94140625,51053.6796875,52633.53515625,52633.53515625,38884105426,,,,
214,2021-09-07,52660.48046875,52853.765625,43285.20703125,46811.12890625,46811.12890625,65210059683,,,,
215,2021-09-08,46827.76171875,47334.0546875,44561.39453125,46091.390625,46091.390625,49007762488,,,,
216,2021-09-09,45774.7421875,47261.94921875,45669.73828125,46391.421875,46391.421875,38672657013,,,,
217,2021-09-10,46396.6640625,47031.7421875,44344.484375,44883.91015625,44883.91015625,39154666597,23510.0,8.666884049859487e-05,0.21964172368945556,0.32663617857839994
218,2021-09-11,44869.83984375,45969.29296875,44818.265625,45201.45703125,45201.45703125,34499835245,,,,
219,2021-09-12,45206.62890625,46364.87890625,44790.4609375,46063.26953125,46063.26953125,27881980161,,,,
220,2021-09-13,46057.21484375,46598.6796875,43591.3203125,44963.07421875,44963.07421875,40969943253,,,,
221,2021-09-14,44960.05078125,47218.125,44752.33203125,47092.4921875,47092.4921875,38652152880,,,,
222,2021-09-15,47098.0,48450.46875,46773.328125,48176.34765625,48176.34765625,30484496466,,,,
223,2021-09-16,48158.90625,48486.828125,47079.55859375,47783.359375,47783.359375,31764293754,,,,
224,2021-09-17,47771.00390625,48160.921875,46832.5234375,47267.51953125,47267.51953125,28727713711,,,,
225,2021-09-18,47273.52734375,48791.78125,47087.28515625,48278.36328125,48278.36328125,28575630451,,,,
226,2021-09-19,48268.85546875,48328.3671875,46919.8046875,47260.21875,47260.21875,26967722648,,,,
227,2021-09-20,47261.40625,47328.19921875,42598.9140625,42843.80078125,42843.80078125,43909845642,,,,
228,2021-09-21,43012.234375,43607.609375,39787.609375,40693.67578125,40693.67578125,48701090088,,,,
229,2021-09-22,40677.953125,43978.62109375,40625.6328125,43574.5078125,43574.5078125,38139709246,,,,
230,2021-09-23,43560.296875,44942.17578125,43109.33984375,44895.09765625,44895.09765625,34244064430,,,,
231,2021-09-24,44894.30078125,45080.4921875,40936.55859375,42839.75,42839.75,42839345714,,,,
232,2021-09-25,42840.890625,42996.2578125,41759.921875,42716.59375,42716.59375,31604717236,,,,
233,2021-09-26,42721.62890625,43919.30078125,40848.4609375,43208.5390625,43208.5390625,30661222077,,,,
234,2021-09-27,43234.18359375,44313.24609375,42190.6328125,42235.73046875,42235.73046875,30980029059,,,,
235,2021-09-28,42200.8984375,42775.14453125,40931.6640625,41034.54296875,41034.54296875,30214940550,,,,
236,2021-09-29,41064.984375,42545.2578125,40829.66796875,41564.36328125,41564.36328125,30602359905,,,,
237,2021-09-30,41551.26953125,44092.6015625,41444.58203125,43790.89453125,43790.89453125,31141681925,,,,
238,2021-10-01,43816.7421875,48436.01171875,43320.0234375,48116.94140625,48116.94140625,42850641582,,,,
239,2021-10-02,48137.46875,48282.0625,47465.49609375,47711.48828125,47711.48828125,30614346492,,,,
240,2021-10-03,47680.02734375,49130.69140625,47157.2890625,48199.953125,48199.953125,26638115879,,,,
241,2021-10-04,48208.90625,49456.77734375,47045.00390625,49112.90234375,49112.90234375,33383173002,,,,
242,2021-10-05,49174.9609375,51839.984375,49072.83984375,51514.8125,51514.8125,35873904236,,,,
243,2021-10-06,51486.6640625,55568.46484375,50488.19140625,55361.44921875,55361.44921875,49034730168,,,,
244,2021-10-07,55338.625,55338.625,53525.46875,53805.984375,53805.984375,36807860413,,,,
245,2021-10-08,53802.14453125,55922.98046875,53688.0546875,53967.84765625,53967.84765625,34800873924,,,,
246,2021-10-09,53929.78125,55397.9453125,53735.14453125,54968.22265625,54968.22265625,32491211414,,,,
247,2021-10-10,54952.8203125,56401.3046875,54264.2578125,54771.578125,54771.578125,39527792364,,,,
248,2021-10-11,54734.125,57793.0390625,54519.765625,57484.7890625,57484.7890625,42637331698,,,,
249,2021-10-12,57526.83203125,57627.87890625,54477.97265625,56041.05859375,56041.05859375,41083758949,,,,
250,2021-10-13,56038.2578125,57688.66015625,54370.97265625,57401.09765625,57401.09765625,41684252783,,,,
251,2021-10-14,57372.83203125,58478.734375,56957.07421875,57321.5234375,57321.5234375,36615791366,,,,
252,2021-10-15,57345.90234375,62757.12890625,56868.14453125,61593.94921875,61593.94921875,51780081801,,,,
253,2021-10-16,61609.52734375,62274.4765625,60206.12109375,60892.1796875,60892.1796875,34250964237,,,,
254,2021-10-17,60887.65234375,61645.5234375,59164.46875,61553.6171875,61553.6171875,29032367511,,,,
255,2021-10-18,61548.8046875,62614.66015625,60012.7578125,62026.078125,62026.078125,38055562075,23083.0,0.0001135384632857879,0.295862329933157,0.32068263573241124
256,2021-10-19,62043.1640625,64434.53515625,61622.93359375,64261.9921875,64261.9921875,40471196346,63590.0,7.489406691003287e-05,0.18624042183975903,0.8854605281503584
257,2021-10-20,64284.5859375,66930.390625,63610.67578125,65992.8359375,65992.8359375,40788955582,33394.0,5.129297600591763e-05,0.11929160491845182,0.4644460556035805
258,2021-10-21,66002.234375,66600.546875,62117.41015625,62210.171875,62210.171875,45908121370,42406.0,8.144200000371125e-05,0.2048148333227979,0.5900978779175149
259,2021-10-22,62237.890625,63715.0234375,60122.796875,60692.265625,60692.265625,38434082775,54775.0,6.598221616029982e-05,0.16096032497059867,0.7625554223250885
260,2021-10-23,60694.62890625,61743.87890625,59826.5234375,61393.6171875,61393.6171875,26882546034,39413.0,6.0272006883865624e-05,0.1447622705254254,0.5483673071024232
261,2021-10-24,61368.34375,61505.8046875,59643.34375,60930.8359375,60930.8359375,27316183882,,,,
262,2021-10-25,60893.92578125,63729.32421875,60691.80078125,63039.82421875,63039.82421875,31064911614,,,,
263,2021-10-26,63032.76171875,63229.02734375,59991.16015625,60363.79296875,60363.79296875,34878965587,,,,
264,2021-10-27,60352.0,61435.18359375,58208.1875,58482.38671875,58482.38671875,43657076893,21919.0,6.227599962447313e-05,0.15044696296814491,0.3044533058196927
265,2021-10-28,58470.73046875,62128.6328125,58206.91796875,60622.13671875,60622.13671875,45257083247,37411.0,7.412845779022795e-05,0.18406863134908447,0.5204539750704108
266,2021-10-29,60624.87109375,62927.609375,60329.96484375,62227.96484375,62227.96484375,36856881767,35805.0,7.537253147594193e-05,0.18759767421239376,0.4980619614623128
267,2021-10-30,62239.36328125,62330.14453125,60918.38671875,61888.83203125,61888.83203125,32157938616,,,,
268,2021-10-31,61850.48828125,62406.171875,60074.328125,61318.95703125,61318.95703125,32241199927,,,,
269,2021-11-01,61320.44921875,62419.00390625,59695.18359375,61004.40625,61004.40625,36150572843,,,,
270,2021-11-02,60963.25390625,64242.79296875,60673.0546875,63226.40234375,63226.40234375,37746665647,,,,
271,2021-11-03,63254.3359375,63516.9375,61184.23828125,62970.046875,62970.046875,36124731509,,,,
272,2021-11-04,62941.8046875,63123.2890625,60799.6640625,61452.23046875,61452.23046875,32615846901,25929.0,8.773984704151417e-05,0.22267982990474597,0.36036362622347395
273,2021-11-05,61460.078125,62541.46875,60844.609375,61125.67578125,61125.67578125,30605102446,35590.0,6.725758814671908e-05,0.16457815119618469,0.4950642759543794
274,2021-11-06,61068.875,61590.68359375,60163.78125,61527.48046875,61527.48046875,29094934221,45799.0,6.437395549537491e-05,0.15639819903941882,0.6374055380496919
275,2021-11-07,61554.921875,63326.98828125,61432.48828125,63326.98828125,63326.98828125,24726754302,,,,
276,2021-11-08,63344.06640625,67673.7421875,63344.06640625,67566.828125,67566.828125,41125608330,,,,
277,2021-11-09,67549.734375,68530.3359375,66382.0625,66971.828125,66971.828125,42357991721,,,,
278,2021-11-10,66953.3359375,68789.625,63208.11328125,64995.23046875,64995.23046875,48730828378,,,,
279,2021-11-11,64978.890625,65579.015625,64180.48828125,64949.9609375,64949.9609375,35880633236,19849.0,9.376913291443181e-05,0.23978300355515564,0.2755918686037757
280,2021-11-12,64863.98046875,65460.81640625,62333.9140625,64155.94140625,64155.94140625,36084893887,39858.0,5.918043187091838e-05,0.14166581807775755,0.5545718189676808
281,2021-11-13,64158.12109375,64915.67578125,63303.734375,64469.52734375,64469.52734375,30474228777,,,,
282,2021-11-14,64455.37109375,65495.1796875,63647.80859375,65466.83984375,65466.83984375,25122092191,,,,
283,2021-11-15,65521.2890625,66281.5703125,63548.14453125,63557.87109375,63557.87109375,30558763548,,,,
284,2021-11-16,63721.1953125,63721.1953125,59016.3359375,60161.24609375,60161.24609375,46844335592,,,,
285,2021-11-17,60139.62109375,60823.609375,58515.41015625,60368.01171875,60368.01171875,39178392930,,,,
286,2021-11-18,60360.13671875,60948.5,56550.79296875,56942.13671875,56942.13671875,41388338699,36976.0,9.005155217630027e-05,0.2292374049114951,0.5143888904380803
287,2021-11-19,56896.12890625,58351.11328125,55705.1796875,58119.578125,58119.578125,38702407772,54023.0,7.930196226390337e-05,0.19874422432302052,0.752070494408968
288,2021-11-20,58115.08203125,59859.87890625,57469.7265625,59697.1953125,59697.1953125,30624264863,,,,
289,2021-11-21,59730.5078125,60004.42578125,58618.9296875,58730.4765625,58730.4765625,26123447605,,,,
290,2021-11-22,58706.84765625,59266.359375,55679.83984375,56289.2890625,56289.2890625,35036121783,,,,
291,2021-11-23,56304.5546875,57875.515625,55632.76171875,57569.07421875,57569.07421875,37485803899,,,,
292,2021-11-24,57565.8515625,57803.06640625,55964.22265625,56280.42578125,56280.42578125,36635566789,6383.0,6.439286623360652e-05,0.15645184281194013,0.08783915674409526
293,2021-11-25,57165.41796875,59367.96875,57146.68359375,57274.6796875,57274.6796875,34284016248,37651.0,6.744164627362683e-05,0.1651002657836539,0.523800228660662
294,2021-11-26,58960.28515625,59183.48046875,53569.765625,53569.765625,53569.765625,41810748221,57572.0,7.561654662101048e-05,0.1882898678630852,0.8015532193748083
295,2021-11-27,53736.4296875,55329.2578125,53668.35546875,54815.078125,54815.078125,30560857714,,,,
296,2021-11-28,54813.0234375,57393.84375,53576.734375,57248.45703125,57248.45703125,28116886357,,,,
297,2021-11-29,57291.90625,58872.87890625,56792.52734375,57806.56640625,57806.56640625,32370840356,,,,
298,2021-11-30,57830.11328125,59113.40234375,56057.28125,57005.42578125,57005.42578125,36708594618,,,,
299,2021-12-01,56907.96484375,59041.68359375,56553.08203125,57229.828125,57229.828125,36858195307,,,,
300,2021-12-02,57217.37109375,57349.234375,55895.1328125,56477.81640625,56477.81640625,32379968686,,,,
301,2021-12-03,56509.1640625,57482.16796875,52496.5859375,53598.24609375,53598.24609375,39789134215,,,,
302,2021-12-04,53727.87890625,53904.6796875,42874.6171875,49200.703125,49200.703125,61385677469,,,,
303,2021-12-05,49201.51953125,49768.1484375,47857.49609375,49368.84765625,49368.84765625,37198201161,,,,
304,2021-12-06,49413.48046875,50929.51953125,47281.03515625,50582.625,50582.625,37707308001,,,,
305,2021-12-07,50581.828125,51934.78125,50175.80859375,50700.0859375,50700.0859375,33676814852,,,,
306,2021-12-08,50667.6484375,51171.375,48765.98828125,50504.796875,50504.796875,28479699446,,,,
307,2021-12-09,50450.08203125,50797.1640625,47358.3515625,47672.12109375,47672.12109375,29603577251,,,,
308,2021-12-10,47642.14453125,50015.25390625,47023.69921875,47243.3046875,47243.3046875,30966005122,,,,
309,2021-12-11,47264.6328125,49458.2109375,46942.34765625,49362.5078125,49362.5078125,25775869261,6004.0,4.438950662296002e-05,0.09970864963391919,0.08255486461615683
310,2021-12-12,49354.85546875,50724.8671875,48725.8515625,50098.3359375,50098.3359375,21939223599,,,,
311,2021-12-13,50114.7421875,50205.0,45894.84765625,46737.48046875,46737.48046875,32166727776,,,,
312,2021-12-14,46709.82421875,48431.3984375,46424.49609375,46612.6328125,46612.6328125,34638619079,,,,
313,2021-12-15,48379.75390625,49473.95703125,46671.96484375,48896.72265625,48896.72265625,36541828520,,,,
314,2021-12-16,48900.46484375,49425.57421875,47529.87890625,47665.42578125,47665.42578125,27268150947,,,,
315,2021-12-17,47653.73046875,48004.89453125,45618.21484375,46202.14453125,46202.14453125,32902725329,20439.0,6.866169195477528e-05,0.16856114881125145,0.2838180753464767
316,2021-12-18,46219.25390625,47313.828125,45598.44140625,46848.77734375,46848.77734375,26098292690,,,,
317,2021-12-19,46853.8671875,48089.6640625,46502.953125,46707.015625,46707.015625,25154053861,,,,
318,2021-12-20,46707.0625,47401.71875,45579.80859375,46880.27734375,46880.27734375,30961902129,,,,
319,2021-12-21,46886.078125,49300.91796875,46698.7734375,48936.61328125,48936.61328125,27055803928,,,,
320,2021-12-22,48937.09765625,49544.796875,48450.94140625,48628.51171875,48628.51171875,24447979559,,,,
321,2021-12-23,48626.34375,51332.33984375,48065.8359375,50784.5390625,50784.5390625,28223878108,,,,
322,2021-12-24,50806.05078125,51814.02734375,50514.49609375,50822.1953125,50822.1953125,24367912228,,,,
323,2021-12-25,50854.91796875,51176.59765625,50236.70703125,50429.859375,50429.859375,19030650914,,,,
324,2021-12-26,50428.69140625,51196.37890625,49623.10546875,50809.515625,50809.515625,20964372926,,,,
325,2021-12-27,50802.609375,51956.328125,50499.46875,50640.41796875,50640.41796875,24324345758,,,,
326,2021-12-28,50679.859375,50679.859375,47414.2109375,47588.85546875,47588.85546875,33430376883,,,,
327,2021-12-29,47623.87109375,48119.7421875,46201.49609375,46444.7109375,46444.7109375,30049226299,3770.0,2.676885723304115e-05,0.04972445039359827,0.05140682078023479
328,2021-12-30,46490.60546875,47879.96484375,46060.3125,47178.125,47178.125,26686491018,25088.0,6.53427911147802e-05,0.15914647871741863,0.3486377959343019
329,2021-12-31,47169.37109375,48472.52734375,45819.953125,46306.4453125,46306.4453125,36974172400,,,,
330,2022-01-01,46311.74609375,47827.3125,46288.484375,47686.8125,47686.8125,24582667004,,,,
331,2022-01-02,47680.92578125,47881.40625,46856.9375,47345.21875,47345.21875,27951569547,,,,
332,2022-01-03,47343.54296875,47510.7265625,45835.96484375,46458.1171875,46458.1171875,33071628362,,,,
333,2022-01-04,46458.8515625,47406.546875,45752.46484375,45897.57421875,45897.57421875,42494677905,,,,
334,2022-01-05,45899.359375,46929.046875,42798.22265625,43569.00390625,43569.00390625,36851084859,,,,
335,2022-01-06,43565.51171875,43748.71875,42645.5390625,43160.9296875,43160.9296875,30208048289,,,,
336,2022-01-07,43153.5703125,43153.5703125,41077.4453125,41557.90234375,41557.90234375,84196607520,,,,
337,2022-01-08,41561.46484375,42228.94140625,40672.27734375,41733.94140625,41733.94140625,28066355845,,,,
338,2022-01-09,41734.7265625,42663.94921875,41338.16015625,41911.6015625,41911.6015625,21294384372,,,,
339,2022-01-10,41910.23046875,42199.484375,39796.5703125,41821.26171875,41821.26171875,32104232331,,,,
340,2022-01-11,41819.5078125,43001.15625,41407.75390625,42735.85546875,42735.85546875,26327648900,11613.0,5.465371112523365e-05,0.12882494560758345,0.16075959956498703
341,2022-01-12,42742.1796875,44135.3671875,42528.98828125,43949.1015625,43949.1015625,33499938689,42230.0,6.056158096299879e-05,0.14558370043677166,0.5876439586179972
342,2022-01-13,43946.7421875,44278.421875,42447.04296875,42591.5703125,42591.5703125,47691135082,42993.0,4.51808728815537e-05,0.10195350496622291,0.5982822564903377
343,2022-01-14,42598.87109375,43346.6875,41982.6171875,43099.69921875,43099.69921875,23577403399,30041.0,5.4145156375292534e-05,0.1273823369168838,0.417696104403112
344,2022-01-15,43101.8984375,43724.671875,42669.03515625,43177.3984375,43177.3984375,18371348298,,,,
345,2022-01-16,43172.0390625,43436.80859375,42691.0234375,43113.87890625,43113.87890625,17902097845,,,,
346,2022-01-17,43118.12109375,43179.390625,41680.3203125,42250.55078125,42250.55078125,21690904261,,,,
347,2022-01-18,42250.07421875,42534.40234375,41392.21484375,42375.6328125,42375.6328125,22417209227,,,,
348,2022-01-19,42374.0390625,42478.3046875,41242.9140625,41744.328125,41744.328125,23091543258,3673.0,5.501174522434102e-05,0.12984057490413198,0.050054376620841584
349,2022-01-20,41744.02734375,43413.0234375,40672.82421875,40680.41796875,40680.41796875,20382033940,22063.0,7.519561421290707e-05,0.1870958159931589,0.30646105797384343
350,2022-01-21,40699.60546875,41060.52734375,35791.42578125,36457.31640625,36457.31640625,43011992031,35669.0,3.926135445437924e-05,0.08516170677972024,0.4961657510945038
351,2022-01-22,36471.58984375,36688.8125,34349.25,35030.25,35030.25,39714385405,71805.0,3.9934379602236107e-05,0.08707086587708418,1.0
352,2022-01-23,35047.359375,36433.3125,34784.96875,36276.8046875,36276.8046875,26017975951,,,,
353,2022-01-24,36275.734375,37247.51953125,33184.05859375,36654.328125,36654.328125,41856658597,,,,
354,2022-01-25,36654.8046875,37444.5703125,35779.4296875,36954.00390625,36954.00390625,26428189594,,,,
355,2022-01-26,36950.515625,38825.41015625,36374.90625,36852.12109375,36852.12109375,31324598034,,,,
356,2022-01-27,36841.87890625,37148.32421875,35629.28125,37138.234375,37138.234375,25041426629,,,,
357,2022-01-28,37128.4453125,37952.87890625,36211.109375,37784.33203125,37784.33203125,22238830523,,,,
358,2022-01-29,37780.71484375,38576.26171875,37406.47265625,38138.1796875,38138.1796875,17194183075,,,,
359,2022-01-30,38151.91796875,38266.33984375,37437.7109375,37917.6015625,37917.6015625,14643548444,,,,
360,2022-01-31,37920.28125,38647.26171875,36733.57421875,38483.125,38483.125,20734730465,,,,
361,2022-02-01,38481.765625,39115.1328125,38113.6640625,38743.2734375,38743.2734375,20288500328,,,,
362,2022-02-02,38743.71484375,38834.6171875,36832.73046875,36952.984375,36952.984375,19155189416,,,,
363,2022-02-03,36944.8046875,37154.6015625,36375.5390625,37154.6015625,37154.6015625,18591534769,,,,
364,2022-02-04,37149.265625,41527.78515625,37093.62890625,41500.875,41500.875,29412210792,,,,
365,2022-02-05,41501.48046875,41847.1640625,41038.09765625,41441.1640625,41441.1640625,19652846215,,,,
366,2022-02-06,41441.12109375,42500.78515625,41244.90625,42412.43359375,42412.43359375,16142097334,,,,
367,2022-02-07,42406.78125,44401.86328125,41748.15625,43840.28515625,43840.28515625,28641855926,,,,
368,2022-02-08,43854.65234375,45293.8671875,42807.8359375,44118.4453125,44118.4453125,33079398868,,,,
369,2022-02-09,44096.703125,44727.80078125,43232.96875,44338.796875,44338.796875,23245887300,25303.0,7.252546507282597e-05,0.17952144891588512,0.3516354814422353
370,2022-02-10,44347.80078125,45661.171875,43402.80859375,43565.11328125,43565.11328125,32142048537,,,,
371,2022-02-11,43571.12890625,43810.83203125,42114.5390625,42407.9375,42407.9375,26954925781,,,,
372,2022-02-12,42412.30078125,42992.55078125,41852.57421875,42244.46875,42244.46875,18152390304,,,,
373,2022-02-13,42236.56640625,42693.0546875,41950.94140625,42197.515625,42197.515625,14741589015,,,,
374,2022-02-14,42157.3984375,42775.77734375,41681.95703125,42586.91796875,42586.91796875,20827783012,5348.0,0.00012214885557801022,0.3202872846750631,0.07340843813613675
375,2022-02-15,42586.46484375,44667.21875,42491.03515625,44575.203125,44575.203125,22721659051,8830.0,5.969423829039062e-05,0.14312332409093265,0.12195700064136528
376,2022-02-16,44578.27734375,44578.27734375,43456.69140625,43961.859375,43961.859375,19792547657,3542.0,6.645184044177453e-05,0.1622925002573253,0.04822787986949611
377,2022-02-17,43937.0703125,44132.97265625,40249.37109375,40538.01171875,40538.01171875,26246662813,18242.0,3.658916639116771e-05,0.07758155592355548,0.253185912272385
378,2022-02-18,40552.1328125,40929.15234375,39637.6171875,40030.9765625,40030.9765625,23310007704,18210.0,1.587360624967862e-05,0.018818075499307124,0.2527397451270182
379,2022-02-19,40026.0234375,40418.87890625,39713.05859375,40122.15625,40122.15625,13736557863,,,,
380,2022-02-20,40118.1015625,40119.890625,38112.8125,38431.37890625,38431.37890625,18340576452,,,,
381,2022-02-21,38423.2109375,39394.4375,36950.4765625,37075.28125,37075.28125,29280402798,,,,
382,2022-02-22,37068.76953125,38359.85546875,36488.93359375,38286.02734375,38286.02734375,25493150450,,,,
383,2022-02-23,38285.28125,39122.39453125,37201.81640625,37296.5703125,37296.5703125,21849073843,,,,
384,2022-02-24,37278.56640625,38968.83984375,34459.21875,38332.609375,38332.609375,46383802093,,,,
385,2022-02-25,38333.74609375,39630.32421875,38111.34375,39214.21875,39214.21875,26545599159,,,,
386,2022-02-26,39213.08203125,40005.34765625,38702.53515625,39105.1484375,39105.1484375,17467554129,,,,
387,2022-02-27,39098.69921875,39778.94140625,37268.9765625,37709.78515625,37709.78515625,23450127612,,,,
388,2022-02-28,37706.0,43760.45703125,37518.21484375,43193.234375,43193.234375,35690014104,,,,
389,2022-03-01,43194.50390625,44793.6015625,42952.5859375,44354.63671875,44354.63671875,32479047645,,,,
390,2022-03-02,44357.6171875,45077.578125,43432.8515625,43924.1171875,43924.1171875,29183112630,8374.0,6.673958615546658e-05,0.16310874367523026,0.1155991188198879
391,2022-03-03,43925.1953125,44021.578125,41914.75,42451.7890625,42451.7890625,24967782593,,,,
392,2022-03-04,42458.140625,42479.61328125,38805.84765625,39137.60546875,39137.60546875,28516271427,,,,
393,2022-03-05,39148.44921875,39566.3359375,38777.03515625,39400.5859375,39400.5859375,16975917450,,,,
394,2022-03-06,39404.19921875,39640.17578125,38211.6484375,38419.984375,38419.984375,19745229902,8007.0,0.00010831330342540171,0.28104020699406174,0.11048213937146203
395,2022-03-07,38429.3046875,39430.2265625,37260.203125,38062.0390625,38062.0390625,28546143503,23999.0,5.700490805706938e-05,0.13549454632964,0.33345417026853685
396,2022-03-08,38059.90234375,39304.44140625,37957.38671875,38737.26953125,38737.26953125,25776583476,5495.0,3.260817695790967e-05,0.06628875027250913,0.07545801846016564
397,2022-03-09,38742.81640625,42465.671875,38706.09375,41982.92578125,41982.92578125,32284121034,15848.0,4.486205182179526e-05,0.10104911063770892,0.21980703270962884
398,2022-03-10,41974.0703125,42004.7265625,38832.94140625,39437.4609375,39437.4609375,31078064711,33082.0,5.696536043672211e-05,0.1353823622613247,0.46009592593625387
399,2022-03-11,39439.96875,40081.6796875,38347.43359375,38794.97265625,38794.97265625,26364890465,,,,
400,2022-03-12,38794.46484375,39308.59765625,38772.53515625,38904.01171875,38904.01171875,14616450657,,,,
401,2022-03-13,38884.7265625,39209.3515625,37728.14453125,37849.6640625,37849.6640625,17300745310,,,,
402,2022-03-14,37846.31640625,39742.5,37680.734375,39666.75390625,39666.75390625,24322159070,3567.0,4.71415031159924e-05,0.10751519171829285,0.04857644795181395
403,2022-03-15,39664.25,39794.62890625,38310.2109375,39338.78515625,39338.78515625,23934000868,31437.0,7.000573043768801e-05,0.17237376013050307,0.43716014611974013
404,2022-03-16,39335.5703125,41465.453125,39022.34765625,41143.9296875,41143.9296875,39616916192,43493.0,8.034012497298355e-05,0.20168916298823358,0.6052536181366944
405,2022-03-17,41140.84375,41287.53515625,40662.87109375,40951.37890625,40951.37890625,22009601093,23194.0,6.848019935465654e-05,0.16804631181039897,0.32223027801790244
406,2022-03-18,40944.83984375,42195.74609375,40302.3984375,41801.15625,41801.15625,34421564942,20862.0,6.767003616791665e-05,0.16574813554872564,0.2897158472992945
407,2022-03-19,41794.6484375,42316.5546875,41602.66796875,42190.65234375,42190.65234375,19664853187,16520.0,7.21134602287136e-05,0.1783527217163148,0.22917654276233235
408,2022-03-20,42191.40625,42241.1640625,41004.7578125,41247.82421875,41247.82421875,20127946682,18279.0,6.931897588080106e-05,0.1704256550498654,0.2537017930342154
409,2022-03-21,41246.1328125,41454.41015625,40668.04296875,41077.99609375,41077.99609375,24615543271,28381.0,7.105536148105954e-05,0.17535123082637447,0.39455118373720754
410,2022-03-22,41074.10546875,43124.70703125,40948.28125,42358.80859375,42358.80859375,32004652376,83.0,2.5194452801403018e-05,0.04525836386895135,0.0
411,2022-03-23,42364.37890625,42893.5078125,41877.5078125,42892.95703125,42892.95703125,25242943069,25878.0,5.137083909048441e-05,0.11951247781855497,0.3596525473355456
412,2022-03-24,42886.65234375,44131.85546875,42726.1640625,43960.93359375,43960.93359375,31042992291,53559.0,7.483565430578952e-05,0.18607472378947512,0.7456010708011489
413,2022-03-25,43964.546875,44999.4921875,43706.28515625,44348.73046875,44348.73046875,30574413034,,,,
414,2022-03-26,44349.859375,44735.99609375,44166.2734375,44500.828125,44500.828125,16950455995,,,,
415,2022-03-27,44505.35546875,46827.546875,44437.29296875,46820.4921875,46820.4921875,28160889722,,,,
416,2022-03-28,46821.8515625,48086.8359375,46690.203125,47128.00390625,47128.00390625,36362175703,,,,
417,2022-03-29,47100.4375,48022.2890625,47100.4375,47465.73046875,47465.73046875,31397059069,,,,
418,2022-03-30,47456.8984375,47655.1484375,46746.2109375,47062.6640625,47062.6640625,29333883962,,,,
419,2022-03-31,47062.1484375,47512.02734375,45390.5390625,45538.67578125,45538.67578125,33327427106,,,,
420,2022-04-01,45554.1640625,46616.2421875,44403.140625,46281.64453125,46281.64453125,38162644287,,,,
421,2022-04-02,46285.5,47028.28125,45782.51171875,45868.94921875,45868.94921875,29336594194,,,,
422,2022-04-03,45859.12890625,47313.4765625,45634.10546875,46453.56640625,46453.56640625,25414397610,,,,
423,2022-04-04,46445.2734375,46791.08984375,45235.81640625,46622.67578125,46622.67578125,32499785455,,,,
424,2022-04-05,46624.5078125,47106.140625,45544.80859375,45555.9921875,45555.9921875,29640604055,,,,
425,2022-04-06,45544.35546875,45544.35546875,43193.953125,43206.73828125,43206.73828125,39393395788,,,,
426,2022-04-07,43207.5,43860.69921875,42899.90625,43503.84765625,43503.84765625,26101973106,,,,
427,2022-04-08,43505.13671875,43903.01953125,42183.2890625,42287.6640625,42287.6640625,27215995394,,,,
428,2022-04-09,42282.078125,42786.81640625,42183.25390625,42782.13671875,42782.13671875,16050772496,,,,
429,2022-04-10,42781.08984375,43376.37890625,42021.20703125,42207.671875,42207.671875,17654475582,,,,
430,2022-04-11,42201.0390625,42424.58984375,39373.05859375,39521.90234375,39521.90234375,33949912166,,,,
431,2022-04-12,39533.71484375,40617.5859375,39388.328125,40127.18359375,40127.18359375,30991500854,,,,
432,2022-04-13,40123.5703125,41430.0546875,39712.74609375,41166.73046875,41166.73046875,27691105228,18397.0,5.7820893452544437e-05,0.13780923835273604,0.25534703438275563
433,2022-04-14,41160.21875,41451.48046875,39695.74609375,39935.515625,39935.515625,24342001973,27676.0,6.32621270453489e-05,0.1532442940080326,0.3847215638158445
434,2022-04-15,39939.40234375,40617.72265625,39866.83203125,40553.46484375,40553.46484375,21756855753,40576.0,7.463284960353045e-05,0.1854994311075612,0.564582694291849
435,2022-04-16,40552.31640625,40633.6796875,40078.42578125,40424.484375,40424.484375,16833150693,44531.0,5.028087534292867e-05,0.11642059602027557,0.6197261649145311
